,Артикул рус.,Название,Штрих-код,Код,*
0,1207-0034 ,А ФИГУРА/P30 Бабочка яркая,026635072540,07254,
1,1207-0104 ,А ФИГУРА/P30 Малыш,080518654087,65408,
2,1207-0116 ,А ФИГУРА/P38 Винни Пух,026635083355,08335,
3,1207-0153 ,А ФИГУРА/P35 Фламинго розовый,048419278665,27866,
4,1207-0168 ,А ФИГУРА/P35 Единорог Фиолетовый голова,080518099000,09900,
5,1207-0169 ,А ФИГУРА/P35 Кружка пивная,026635072564,07256,
6,1207-0217 ,А ФИГУРА/P50 Снежинка блеск,026635080521,08052,
7,1207-0503 ,А ФИГУРА/P30 Бутылка шампанского,026635049498,04949,
8,1207-0541 ,А ФИГУРА/S50 Снежинка,048419228042,22804,
9,1207-0782 ,А ФИГУРА/P75 Аист розовый,026635070263,07026,
10,1207-0783 ,А ФИГУРА/P75 Аист голубой,026635070638,07063,
11,1207-0148 ,А ФИГУРА/P35 Стопа девочки розовая,026635076906,07690,
12,1207-0149 ,А ФИГУРА/P35 Стопа мальчика голубая,026635076883,07688,
13,1207-1034 ,А ФИГУРА/P38 Спящая красавица,026635284752,28475,
14,1207-1035 ,А ФИГУРА/P38 Белль,026635284738,28473,
15,1207-1036 ,А ФИГУРА/P38 Белоснежка,026635284745,28474,
16,1207-1184 ,А ФИГУРА/P30 Смешарики Крош,026635217705,21770,
17,1207-1309 ,А ФИГУРА/V85 STREET Минни,013051003463,00346,
18,1207-1310 ,А ФИГУРА/V85 STREET Микки,013051003456,00345,
19,1207-1353 ,А ФИГУРА/P30 Смешарики Нюша,026635217682,21768,
20,1207-1351 ,А ФИГУРА/P35 ILY Сердце Дамасск,026635232197,23219,
21,1207-1400 ,А ФИГУРА/V85 STREET Человек паук,026635247702,24770,
22,1207-1515 ,А ФИГУРА/P38 Золушка,026635248143,24814,
23,1207-1527 ,А ФИГУРА/P38 Микки танцующий,026635263733,26373,
24,1207-1528 ,А ФИГУРА/P38 Человек паук в прыжке,026635263405,26340,
25,1207-1542 ,А ФИГУРА/V80 STREET Единорог радужный,013051272807,27280,
26,1207-1543 ,А ФИГУРА/P38 Минни танцующая,026635263740,26374,
27,1207-1555 ,А ФИГУРА/P35 Angry Birds Розовая,026635270229,27022,
28,1207-1559 ,А ФИГУРА/P35 Мышь летучая улыбчивая,026635272094,27209,
29,1207-1561 ,А ФИГУРА/P35 Санта с елкой,026635272292,27229,
30,1207-1722 ,А ФИГУРА/P30 Фиксики Нолик,026635286176,28617,
31,1207-1723 ,А ФИГУРА/P30 Фиксики Симка,026635286183,28618,
32,1207-1735 ,А ФИГУРА/P30 Пальма,026635289504,28950,
33,1207-1774 ,А ФИГУРА/P38 My Little Pony радужная,026635264679,26467,
34,1207-1776 ,А ФИГУРА/P38 Холодное сердце,026635281621,28162,
35,1207-1777 ,А ФИГУРА/P38 Холодное сердце Олаф,026635283168,28316,
36,1207-1828 ,А ФИГУРА/P40 Звездные Войны Шлем Вейдера,026635284455,28445,
37,1207-1866 ,А ФИГУРА/P40 Красавица невеста,026635312356,31235,
38,1207-2036 ,А ФИГУРА/P70 Привидение с тыквой,026635316262,31626,
39,1207-2073 ,А ФИГУРА/P38 Щенячий Патруль,026635301824,30182,
40,1207-2151 ,А ФИГУРА/P38 Вспыш,026635323932,32393,
41,1207-2196 ,А ФИГУРА/P50 Звезда с маркером,026635325240,32524,
42,1207-2706 ,А ФИГУРА/A75 AIR Санта сидячий,026635339872,33987,
43,1207-2033 ,А ФИГУРА/P35 Леденец полосатый,026635300285,30028,
44,1207-2685 ,А ФИГУРА/P35 РУС ДР Сладкий Праздник,026635361330,36133,
45,1207-2736 ,А ФИГУРА/P38 Трансформеры Анимейтед,026635293334,29333,
46,1207-2741 ,А ФИГУРА/P38 Тролли,026635339520,33952,
47,1207-2746 ,А ФИГУРА/S55 LOVE золото,026635337670,33767,
48,1207-2734 ,А ФИГУРА/P35 Подсолнух,026635313841,31384,
49,1207-2749 ,А ФИГУРА/P38 Щенячий Патруль Чейз,026635344951,34495,
50,1207-2751 ,А ФИГУРА/A75 AIR HB Медвежонок сидячий,026635326261,32626,
51,1207-2754 ,А ФИГУРА/P38 София Прекрасная,026635275316,27531,
52,1207-2757 ,А ФИГУРА/P38 Супер Марио,026635320108,32010,
53,1207-2764 ,А ФИГУРА/P38 Супермен эмблема,026635296922,29692,
54,1207-2766 ,А ФИГУРА/S50 Машина Полиция,026635336734,33673,
55,1207-2717 ,А ФИГУРА/P38 Рапунцель шагающая,026635332156,33215,
56,1207-2713 ,А ФИГУРА/P40 HB Шарики цветные,026635309325,30932,
57,1207-2753 ,А ФИГУРА/P35 Улыбки влюбленные,026635341585,34158,
58,1207-2768 ,А ФИГУРА/P35 Арбуз,026635304832,30483,
59,1207-2869 ,А ФИГУРА/P35 Wedding wishes Сердце Цветы,026635308601,30860,
60,1207-2809 ,А ФИГУРА/P35 Единорог радужный голова,026635312998,31299,
61,1207-2924 ,А ФИГУРА/P30 Кубок чемпиона золотой,026635353939,35393,
62,1207-2926 ,А ФИГУРА/P38 Покемон Пикачу,026635294607,29460,
63,1207-2927 ,А ФИГУРА/P30 Усы черные,026635276962,27696,
64,1207-3137 ,А ФИГУРА/P35 Единорог Нежный голова,026635372732,37273,
65,1207-3159 ,А ФИГУРА/P35 Коктейль с трубочк Фламинго,026635371155,37115,
66,1207-3212 ,А ФИГУРА/P35 Пончик в глазури розовой,026635378567,37856,
67,1207-3213 ,А ФИГУРА/S50 HB Мороженое в креманке,026635356176,35617,
68,1207-3311 ,А ФИГУРА/P38 Тачки Молния МакКуин,026635353700,35370,
69,1207-3314 ,А ФИГУРА/P35 HB Лебедь белый,026635356510,35651,
70,1207-3315 ,А ФИГУРА/P40 Конек морской голография,026635378000,37800,
71,1207-3322 ,А ФИГУРА/P35 Русалка Хвост радужный,026635384728,38472,
72,1207-3323 ,А ФИГУРА/P35 Дельфин с радужным рогом,026635384773,38477,
73,1207-3366 ,А ФИГУРА/P38 Суперсемейка малыш ДжекДжек,026635389549,38954,
74,1207-3368 ,А ФИГУРА/P38 Моана,026635346887,34688,
75,1207-3369 ,А ФИГУРА/P38 Звездные Войны Дроид BB-8,026635316217,31621,
76,1207-3381 ,А ФИГУРА/P40 Солнце переливы перламутр,026635393805,39380,
77,1207-3415 ,А ФИГУРА/P40 Фламинго переливы перламутр,026635393782,39378,
78,1207-3416 ,А ФИГУРА/P30 Мороженое Эскимо,026635396011,39601,
79,1207-3420 ,А ФИГУРА/P40 Радуга переливы перламутр,026635393829,39382,
80,1207-3421 ,А ФИГУРА/P40 Бабочка переливы перламутр,026635394390,39439,
81,1207-3422 ,А ФИГУРА/P40 Ананас переливы перламутр,026635393041,39304,
82,1207-3419 ,А ФИГУРА/P35 Ракета,026635384803,38480,
83,1207-3424 ,А ФИГУРА/P35 Динозавр Трицератопс,026635322492,32249,
84,1207-3425 ,А ФИГУРА/P38 Герои в масках Кэтбой,026635382014,38201,
85,1207-3427 ,А ФИГУРА/P38 Герои в масках Алетт,026635382021,38202,
86,1207-2716 ,А ФИГУРА/P38 Русалочка Ариэль,026635335294,33529,
87,1207-3509 ,А ФИГУРА/S50 Карты,026635397056,39705,
88,1207-3595 ,А ФИГУРА/P30 Череп День Мертвых,026635359009,35900,
89,1207-3597 ,А ФИГУРА/P32 HB Треугольники разноцветн,026635406765,40676,
90,1207-3598 ,А ФИГУРА/P30 Джойстик игровой,026635378048,37804,
91,1207-3599 ,А ФИГУРА/P35 Динозавр зеленый,026635406680,40668,
92,1207-3621 ,А ФИГУРА/P38 Холодное Cердце II,026635403887,40388,
93,1207-3623 ,А ФИГУРА/P38 Гарри Поттер герб Хогвартса,026635388726,38872,
94,1207-3624 ,А ФИГУРА/S50 Бутылочка IT'S A BOY,026635268028,26802,
95,1207-3625 ,А ФИГУРА/S50 Бутылочка IT'S A GIRL,026635268011,26801,
96,1207-3735 ,А ФИГУРА/P30 HB Цветы на сердце,026635356152,35615,
97,1207-3736 ,А ФИГУРА/P40 Дельфин голубой переливы,026635393768,39376,
98,1207-3802 ,А ФИГУРА/P40 Лебедь переливы,026635412131,41213,
99,1207-3807 ,А ФИГУРА/P35 Лев,026635412209,41220,
100,1207-3808 ,А ФИГУРА/P35 Машина пожарная,026635412353,41235,
101,1207-3801 ,А ФИГУРА/P40 Торт радуга переливы,026635412544,41254,
102,1207-3804 ,А ФИГУРА/P35 Акула,026635412254,41225,
103,1207-3809 ,А ФИГУРА/P35 Кольцо бриллиант розовое,026635397155,39715,
104,1207-3805 ,А ФИГУРА/P35 Панда радужная,026635412186,41218,
105,1207-3842 ,А ФИГУРА/P35 Кошка-Единорог,026635412162,41216,
106,1207-3810 ,А ФИГУРА/A75 AIR Ракета,026635411936,41193,
107,1207-3843 ,А ФИГУРА/P35 Глобус выпускнику,026635409162,40916,
108,1207-3840 ,А ФИГУРА/P38 Микки Маус голова,026635409780,40978,
109,1207-3841 ,А ФИГУРА/P38 Минни Маус голова,026635409797,40979,
110,1207-3931 ,А ФИГУРА/P38 Гарри Поттер,026635404211,40421,
111,1207-3929 ,А ФИГУРА/P38 Бэтмен Летучая мышь,026635407151,40715,
112,1207-3930 ,А ФИГУРА/S50 Кошечка голова черно-белая,026635415743,41574,
113,1207-3932 ,А ФИГУРА/P40 HB Радуга омбре голография,026635421331,42133,
114,1207-3974 ,А ФИГУРА/S60 Облако с глазами переливы,026635415682,41568,
115,1207-3982 ,А ФИГУРА/S50 HWN Котенок-Скелет,026635399883,39988,
116,1207-4036 ,А ФИГУРА/P35 HWN Скелет Неон,026635419369,41936,
117,1207-3983 ,А ФИГУРА/P35 HWN Тыква в колпаке,026635419475,41947,
118,1207-3858 ,А ФИГУРА/S50 Лиса рыжая,026635412056,41205,
119,1207-3859 ,А ФИГУРА/S50 Енот фиолетовый,026635412063,41206,
120,1207-3861 ,А ФИГУРА/S50 Белка коричневая,026635412070,41207,
121,1207-4038 ,А ФИГУРА/P35 Робот,026635415712,41571,
122,1207-4035 ,А ФИГУРА/P40 Листья Кленовые переливы,026635400541,40054,
123,1207-3856 ,А ФИГУРА/S50 Ленивец и радуга,026635412155,41215,
124,1207-3857 ,А ФИГУРА/S50 Сова серая,026635412049,41204,
125,1207-4062 ,А ФИГУРА/P47 HWN Тыква и Летучая мышь,026635419437,41943,
126,1207-4097 ,А ФИГУРА/P35 Динозаврик Малыш,026635415552,41555,
127,1207-4098 ,А ФИГУРА/P35 Самосвал,026635353892,35389,
128,1207-4099 ,А ФИГУРА/P40 Елка нарядная зеленая блеск,026635404266,40426,
129,1207-4100 ,А ФИГУРА/P35 Домик Пряничный,026635404297,40429,
130,1207-4101 ,А ФИГУРА/P30 Носок новогодний и Ленивец,026635420440,42044,
131,1207-4102 ,А ФИГУРА/P41 LITTLE STAR ЗвездочкаСпящая,026635415484,41548,
132,1207-4182 ,А ФИГУРА/A75 AIR Человек-Паук сидячий,026635381949,38194,
133,1207-4194 ,А ФИГУРА/P35 Облако с дождиком улыбчивое,026635312318,31231,
134,1207-4197 ,А ФИГУРА/P30 HB Пудровая нежность,026635421157,42115,
135,1207-4204 ,А ФИГУРА/P30 Пряничный человечек,026635383042,38304,
136,1207-2808 ,А ФИГУРА/P35 Вопрос Мальчик или Девочка?,026635325332,32533,
137,1207-4216 ,А ФИГУРА/S50 Звезда морская красная,026635412032,41203,
138,1207-4217 ,А ФИГУРА/P38 Звездные Войны Малыш Йода,026635422260,42226,
139,1207-4233 ,А ФИГУРА/A75 AIR Малыш сидячий,026635352024,35202,
140,1207-4234 ,А ФИГУРА/P35 Коала,026635425568,42556,
141,1207-4296 ,А ФИГУРА/S50 Зайка белый сатин,026635405294,40529,
142,1207-4297 ,А ФИГУРА/P35 Единорог Малыш сатин,026635412179,41217,
143,1207-4298 ,А ФИГУРА/P35 HB Торт пастель,026635425797,42579,
144,1207-4299 ,А ФИГУРА/P38 Принцессы Диснея,026635398060,39806,
145,1207-4300 ,А ФИГУРА/A75 AIR Минни Маус сидячая,026635381888,38188,
146,1207-4356 ,А ФИГУРА/P35 Лев голова,026635428798,42879,
147,1207-4357 ,А ФИГУРА/P35 Бабочки Нежные,026635428873,42887,
148,1207-4358 ,А ФИГУРА/P30 Бабочка PinkYellow,026635427913,42791,
149,1207-4359 ,А ФИГУРА/P35 Месяц и Звезды,026635415491,41549,
150,1207-4360 ,А ФИГУРА/P60 Слоник розовый BABY GIRL,026635431248,43124,
151,1207-4411 ,А ФИГУРА/A75 AIR Русалочка Ариэль,026635425711,42571,
152,1207-4412 ,А ФИГУРА/A75 AIR Холодное СердцеII Эльза,026635425667,42566,
153,1207-4413 ,А ФИГУРА/A75 AIR Капитан Америка,026635425742,42574,
154,1207-4409 ,А ФИГУРА/P35 Попугай Тропический,026635426732,42673,
155,1207-4410 ,А ФИГУРА/P30 Бабочка MintYellow,026635427906,42790,
156,1207-4408 ,А ФИГУРА/P60 Слоник голубой BABY BOY,026635431231,43123,
157,1207-2997 ,А ФИГУРА/P35 HB TNT Party Динамит,026635354585,35458,
158,1207-4454 ,А ФИГУРА/P35 Единорог Спящий голова,026635428934,42893,
159,1207-4455 ,А ФИГУРА/P35 Акула ужасная,026635430203,43020,
160,1207-4457 ,А ФИГУРА/P38 Чудо-Женщина,026635381802,38180,
161,1207-4458 ,А ФИГУРА/P35 Зебра,026635428835,42883,
162,1207-4460 ,А ФИГУРА/A75 AIR Микки Маус сидячий,026635381857,38185,
163,1207-4476 ,А ФИГУРА/P35 Тукан,026635396844,39684,
164,1207-4479 ,А ФИГУРА/S50 HWN Паук,026635431590,43159,
165,1207-4480 ,А ФИГУРА/S50 HWN Ведьма Милая,026635431569,43156,
166,1207-3849 ,А ФИГУРА/P35 Тигр,026635412216,41221,
167,1207-4477 ,А ФИГУРА/P35 Рак Лобстер,026635397223,39722,
168,1207-4459 ,А ФИГУРА/A75 Единорог спящий,026635430838,43083,
169,1207-4504 ,А ФИГУРА/P40 HWN Скелет Переливы,026635431545,43154,
170,1207-4505 ,А ФИГУРА/P35 HWN Вампир Милый,026635431514,43151,
171,1207-4506 ,А ФИГУРА/P35 HWN Ведьма на метле,026635419499,41949,
172,1207-4507 ,А ФИГУРА/P35 Боди Boy or Girl? роз-голуб,026635428323,42832,
173,1207-4545 ,А ФИГУРА/P30 Бутылка шампанского черная,026635360463,36046,
174,1207-4561 ,А ФИГУРА/P35 Санта улыбающийся сатин,026635433426,43342,
175,1207-4562 ,А ФИГУРА/P30 Пуансеттия рождеств цветок,026635433433,43343,
176,1207-4563 ,А ФИГУРА/P70 Шампанское и бокал пузырьки,026635363501,36350,
177,1207-4564 ,А ФИГУРА/P35 Робот влюбленный сердца Red,026635436359,43635,
178,1207-4595 ,А ФИГУРА/P35 Сердца улыбающиеся трио,026635436434,43643,
179,1207-4596 ,А ФИГУРА/P35 Бабочки сердца Pink GoldRed,026635436380,43638,
180,1207-4598 ,А ФИГУРА/P70 Цветок Роза красная,026635437042,43704,
181,1207-4624 ,А ФИГУРА/S50 Единорог Искры Сердца,026635436472,43647,
182,1207-4625 ,А ФИГУРА/P35 Зайка,026635423533,42353,
183,1207-4463 ,А ФИГУРА/P38 Король Лев Симба и Нала,026635398763,39876,
184,1207-4630 ,А ФИГУРА/P38 Миньоны Отто,026635299541,29954,
185,1207-4631 ,А ФИГУРА/P35 Лама Пиньята Battle Royal,026635400336,40033,
186,1207-4639 ,А ФИГУРА/P38 Чудо-женщина на звезде,026635390958,39095,
187,1207-4640 ,А ФИГУРА/S50 Тукан дикий,026635428828,42882,
188,1207-4641 ,А ФИГУРА/S50 Единорог Малыш,026635415774,41577,
189,1207-4642 ,А ФИГУРА/V85 STREET Холодное сердце,013051004330,00433,
190,1207-5128 ,А ФИГУРА/P70 Цветок Роза желтая,026635441902,44190,
191,1207-5129 ,А ФИГУРА/P35 Олень милый,026635420426,42042,
192,1207-5130 ,А ФИГУРА/P35 Снеговик голова в котелке,026635433402,43340,
193,1207-5127 ,А ФИГУРА/P70 Цветок Роза розовая,026635441919,44191,
194,1207-5131 ,А ФИГУРА/P35 HB Party Блоки ВиртуальнМир,026635436144,43614,
195,1207-5132 ,А ФИГУРА/P35 Цыпленок,026635423540,42354,
